{
  "total_lines": 3182,
  "avg_tokens_per_line": 38085.814,
  "max_tokens_per_batch": 10000000,
  "effective_max_tokens": 9500000.0,
  "lines_per_batch": 249,
  "total_batches": 13,
  "tokens_per_batch": 9483367.685999999,
  "lines_in_last_batch": 194,
  "tokens_in_last_batch": 7388647.915999999
}